{
  "manifest": {
    "alpha": null,
    "candidate_base": "fts",
    "dataset": "CUAD v1 (CC-BY-4.0, theatticusproject)",
    "embedder": null,
    "generated_at": "2026-06-29T23:15:22+00:00",
    "git_sha": "slice-d",
    "rerank_candidates": 30,
    "reranker": "local:Xenova/ms-marco-MiniLM-L-6-v2",
    "selection": "deterministic (contracts sorted by id, first N)",
    "slice": "D",
    "subset_loaded": 30,
    "subset_requested": 30
  },
  "results": {
    "absent_control": {
      "absent_questions": 842,
      "note": "Fraction of absent-clause questions for which within-doc FTS still returned >=1 chunk. The FTS retriever cannot abstain; true abstention is an agent-mode/QA property measured in E1.",
      "within_doc_spurious_retrieval_rate": 0.07482185273159145
    },
    "corpus": {
      "absent_questions": 842,
      "categories": 39,
      "chunks": 876,
      "chunks_per_contract": 29.2,
      "contracts": 30,
      "gold_span_drift": 0,
      "present_questions": 388
    },
    "cross_doc": {
      "hit_rate_at_k": {
        "1": 0.04381443298969072,
        "10": 0.16237113402061856,
        "20": 0.20876288659793815,
        "3": 0.09020618556701031,
        "5": 0.12628865979381443,
        "8": 0.14948453608247422
      },
      "mean_average_precision": 0.06738092022579631,
      "precision_at_k": {
        "1": 0.04381443298969072,
        "10": 0.03290378006872852,
        "20": 0.02929553264604811,
        "3": 0.038230240549828175,
        "5": 0.03651202749140894,
        "8": 0.03335481099656357
      },
      "recall_at_k": {
        "1": 0.034484945180821465,
        "10": 0.14286021109474717,
        "20": 0.1836677712322042,
        "3": 0.0748629520536737,
        "5": 0.10550953199149074,
        "8": 0.12931905580101458
      }
    },
    "params": {
      "alpha": null,
      "embedder": null,
      "k_values": [
        1,
        3,
        5,
        8,
        10,
        20
      ],
      "overlap_chars": 200,
      "query": "clause category name",
      "rerank_candidates": 30,
      "reranker": "local:Xenova/ms-marco-MiniLM-L-6-v2",
      "retriever": "matter FTS (websearch_to_tsquery 'english' + ts_rank_cd), embeddings NULL + cross-encoder rerank (local:Xenova/ms-marco-MiniLM-L-6-v2, candidates=30)",
      "target_chars": 2000
    },
    "per_category_within_doc": {
      "Affiliate License-Licensee": {
        "count": 2,
        "recall_at_8": 0.0
      },
      "Affiliate License-Licensor": {
        "count": 1,
        "recall_at_8": 0.0
      },
      "Agreement Date": {
        "count": 29,
        "recall_at_8": 0.5517241379310345
      },
      "Anti-Assignment": {
        "count": 19,
        "recall_at_8": 0.0
      },
      "Audit Rights": {
        "count": 13,
        "recall_at_8": 0.16666666666666666
      },
      "Cap On Liability": {
        "count": 14,
        "recall_at_8": 0.04421768707482993
      },
      "Change Of Control": {
        "count": 3,
        "recall_at_8": 0.0
      },
      "Competitive Restriction Exception": {
        "count": 5,
        "recall_at_8": 0.0
      },
      "Covenant Not To Sue": {
        "count": 7,
        "recall_at_8": 0.0
      },
      "Document Name": {
        "count": 30,
        "recall_at_8": 0.06666666666666667
      },
      "Effective Date": {
        "count": 25,
        "recall_at_8": 0.7133333333333333
      },
      "Exclusivity": {
        "count": 12,
        "recall_at_8": 0.8402777777777778
      },
      "Expiration Date": {
        "count": 23,
        "recall_at_8": 0.2391304347826087
      },
      "Governing Law": {
        "count": 27,
        "recall_at_8": 0.6481481481481481
      },
      "Insurance": {
        "count": 11,
        "recall_at_8": 1.0
      },
      "Ip Ownership Assignment": {
        "count": 6,
        "recall_at_8": 0.03333333333333333
      },
      "Irrevocable Or Perpetual License": {
        "count": 3,
        "recall_at_8": 1.0
      },
      "Joint Ip Ownership": {
        "count": 2,
        "recall_at_8": 0.1
      },
      "License Grant": {
        "count": 15,
        "recall_at_8": 0.9
      },
      "Liquidated Damages": {
        "count": 3,
        "recall_at_8": 0.3333333333333333
      },
      "Minimum Commitment": {
        "count": 13,
        "recall_at_8": 0.19230769230769232
      },
      "Most Favored Nation": {
        "count": 3,
        "recall_at_8": 0.2222222222222222
      },
      "No-Solicit Of Customers": {
        "count": 2,
        "recall_at_8": 0.0
      },
      "No-Solicit Of Employees": {
        "count": 3,
        "recall_at_8": 0.0
      },
      "Non-Compete": {
        "count": 8,
        "recall_at_8": 0.0
      },
      "Non-Disparagement": {
        "count": 2,
        "recall_at_8": 0.0
      },
      "Non-Transferable License": {
        "count": 7,
        "recall_at_8": 0.5714285714285714
      },
      "Notice Period To Terminate Renewal": {
        "count": 6,
        "recall_at_8": 0.3333333333333333
      },
      "Parties": {
        "count": 30,
        "recall_at_8": 0.43142857142857144
      },
      "Post-Termination Services": {
        "count": 15,
        "recall_at_8": 0.0
      },
      "Renewal Term": {
        "count": 7,
        "recall_at_8": 0.7142857142857143
      },
      "Revenue/Profit Sharing": {
        "count": 10,
        "recall_at_8": 0.0
      },
      "Rofr/Rofo/Rofn": {
        "count": 4,
        "recall_at_8": 0.0
      },
      "Termination For Convenience": {
        "count": 11,
        "recall_at_8": 0.09090909090909091
      },
      "Third Party Beneficiary": {
        "count": 1,
        "recall_at_8": 0.0
      },
      "Uncapped Liability": {
        "count": 4,
        "recall_at_8": 0.0
      },
      "Unlimited/All-You-Can-Eat-License": {
        "count": 1,
        "recall_at_8": 0.0
      },
      "Volume Restriction": {
        "count": 7,
        "recall_at_8": 0.0
      },
      "Warranty Duration": {
        "count": 4,
        "recall_at_8": 0.0
      }
    },
    "within_doc": {
      "hit_rate_at_k": {
        "1": 0.26804123711340205,
        "10": 0.36597938144329895,
        "20": 0.37628865979381443,
        "3": 0.3170103092783505,
        "5": 0.34536082474226804,
        "8": 0.3556701030927835
      },
      "mean_average_precision": 0.2805762860830055,
      "precision_at_k": {
        "1": 0.26804123711340205,
        "10": 0.1856795123547701,
        "20": 0.18487699020557852,
        "3": 0.1993127147766323,
        "5": 0.18969072164948453,
        "8": 0.18538598429062347
      },
      "recall_at_k": {
        "1": 0.2332515136638848,
        "10": 0.3448944526264114,
        "20": 0.3539150711831124,
        "3": 0.2913588201603665,
        "5": 0.3220207412862052,
        "8": 0.33173171330387824
      }
    }
  }
}
